,h2,sig_level,Prev_0.1,Prev_0.2
1,0.2,0.01,0.0155440414507772,0.012
2,0.2,0.05,0.0660621761658031,0.056
3,0.2,0.1,0.102331606217617,0.09
4,0.4,0.01,0.006,0.026
5,0.4,0.05,0.048,0.078
6,0.4,0.1,0.094,0.132
