,beta,h2_LTMH,h2_GCTA
prev_0.05_h2_0.05,0.1337 (0.0191),0.0468 (0.0379),1.7235e-06 (4.47378837130184e-07)
prev_0.1_h2_0.05,0.1235 (0.0179),0.0351 (0.0336),1.958e-06 (2.00639298403957e-07)
prev_0.2_h2_0.05,0.1197 (0.0144),0.0309 (0.0291),1.827e-06 (3.78341870912595e-07)
prev_0.05_h2_0.2,0.1234 (0.0199),0.2018 (0.0437),1.0085e-06 (9.18257370402846e-08)
prev_0.1_h2_0.2,0.1257 (0.0135),0.2086 (0.0342),1e-06 (0)
prev_0.2_h2_0.2,0.1239 (0.0153),0.1692 (0.0407),1.0055e-06 (7.39762545897098e-08)
prev_0.05_h2_0.4,0.1355 (0.0192),0.4017 (0.0444),1e-06 (0)
prev_0.1_h2_0.4,0.1168 (0.0145),0.3868 (0.0339),1e-06 (0)
prev_0.2_h2_0.4,0.1186 (0.015),0.409 (0.0444),1e-06 (0)
