,mean_beta,median_beta,SD_beta,mean_h2_LTMH,median_h2_LTMH,SD_h2_LTMH,mean_h2_GCTA,median_h2_GCTA,SD_h2_GCTA
prev_0.05_h2_0.05,0.121778368261721,0.12207403546738,0.0217462928103174,0.0980953521124623,0.0754478980376028,0.100981440507099,0.11327489,0.067902,0.131547927795267
prev_0.05_h2_0.2,0.123316820665872,0.124248006256955,0.0219210196223787,0.182180704960404,0.167792909489428,0.121786263719953,0.19791134,0.1668535,0.165463481235911
prev_0.05_h2_0.4,0.134768276093392,0.134851512612149,0.0223033544136722,0.443487694451116,0.452501525653453,0.132560489584393,0.569851616666667,0.552216,0.249363415064638
prev_0.1_h2_0.05,0.127996909164176,0.127435462316258,0.0181263476391981,0.0616078632395975,0.0384011452351488,0.0693694189787936,0.0699290733333333,0.0418235,0.0810523414420506
prev_0.1_h2_0.2,0.124886884990466,0.124828606638772,0.018635075349107,0.204335825434729,0.20318826236337,0.0990040518906974,0.22298744,0.207374,0.125794371441283
prev_0.1_h2_0.4,0.128995377573514,0.129278206361012,0.0173991167063432,0.418031918810449,0.419689285427858,0.101639541889011,0.481872076666667,0.481731,0.145880729482519
prev_0.2_h2_0.05,0.127406120064122,0.1266471515685,0.0162707498554552,0.0572634588606418,0.0480533952902946,0.0526638956233889,0.0554072433333333,0.044291,0.0530698776955395
prev_0.2_h2_0.2,0.128288576661892,0.128759595941838,0.0157558226513711,0.206991639337822,0.20404926001061,0.0756567287975309,0.207365036666667,0.2024035,0.0809116837768647
prev_0.2_h2_0.4,0.129875790570237,0.129879949579991,0.0165039300227078,0.433976035111845,0.440057505214335,0.0694092504858187,0.456767293333333,0.4613445,0.0809580793587985
