,h2,sig_level,Prev_0.1,Prev_0.2
1,0.2,0.01,0.130268199233716,0.446
2,0.2,0.05,0.337164750957854,0.68
3,0.2,0.1,0.471264367816092,0.798
4,0.4,0.01,0.274,0.354
5,0.4,0.05,0.534,0.6
6,0.4,0.1,0.664,0.718
