,mean_beta,median_beta,SD_beta,mean_h2_LTMH,median_h2_LTMH,SD_h2_LTMH,mean_h2_GCTA,median_h2_GCTA,SD_h2_GCTA
prev_0.05_h2_0.05,0.13494528931988,0.133938964835544,0.0187723539526037,0.0481330307595422,0.0426088760246708,0.0381276131543928,1e-06,1e-06,0
prev_0.05_h2_0.2,0.122655911029899,0.122033758984054,0.0196765548903356,0.200679315877184,0.199485775926906,0.0408440662831375,1e-06,1e-06,0
prev_0.05_h2_0.4,0.13611494830311,0.135613461628037,0.0188473102068994,0.402585396773223,0.401875712620964,0.0449951252989081,1e-06,1e-06,0
prev_0.1_h2_0.05,0.129001604494947,0.130343195526595,0.01300691510703,0.00165034511594284,0,0.00652242859104268,1.96e-06,2e-06,1.96286596826287e-07
prev_0.1_h2_0.2,0.126272596931174,0.12579474306693,0.0134484288554503,0.208348788962846,0.206994189542483,0.0364922144450444,1e-06,1e-06,0
prev_0.1_h2_0.4,0.11669609020969,0.117802470727283,0.0131952061512088,0.381413992199203,0.381086542899216,0.0351878747623589,1e-06,1e-06,0
prev_0.2_h2_0.05,0.11819032423063,0.118621496703443,0.0142185682904575,0.0285975313252454,0.0259818276555083,0.0275932493724869,1.83e-06,2e-06,3.76260423582543e-07
prev_0.2_h2_0.2,0.125124208312935,0.126259899888038,0.0152383713861262,0.169658533135561,0.16802433114847,0.039875138949061,1.00333333333333e-06,1e-06,5.77350269189626e-08
prev_0.2_h2_0.4,0.117988581318394,0.116956719257361,0.0141203532587598,0.405383867452693,0.405470592067235,0.0411473339378175,1e-06,1e-06,0
